"technischerfeldname","Fragetyp","Filterfrage","Interviewinstruktion","Fragestellung"
"f20000Lang","normale Frage","keine","keine","Im Interview geht es in erster Linie um die Stadt Zürich. Zuerst möchte ich Sie ganz allgemein fragen: Können Sie mir sagen, wie gerne Sie insgesamt in der Stadt Zürich leben. Ist das sehr gerne, eher gerne, eher ungern oder ganz ungern?"
"f20000Sort","normale Frage","keine","keine","Im Interview geht es in erster Linie um die Stadt Zürich. Zuerst möchte ich Sie ganz allgemein fragen: Können Sie mir sagen, wie gerne Sie insgesamt in der Stadt Zürich leben. Ist das sehr gerne, eher gerne, eher ungern oder ganz ungern?."
"f20010Lang","normale Frage","keine","keine","Wie beurteilen Sie insgesamt die Lebensqualität in der Stadt Zürich? Geben Sie bitte eine Note von 1 bis 6, 6 bedeutet «sehr gut», 1 «gar nicht gut».."
"f20010Sort","normale Frage","keine","keine","Wie beurteilen Sie insgesamt die Lebensqualität in der Stadt Zürich? Geben Sie bitte eine Note von 1 bis 6, 6 bedeutet «sehr gut», 1 «gar nicht  gut».."
"f21000_rec2aLang","offene Frage","keine","VORCODIERTE ANTWORTEN NICHT VORLESEN GUT NACHFRAGEN UND ERHALTENE ANTWORT WENN MÖGLICH DEN VORCODIERTEN ANTWORTEN ZUORDNEN","Jetzt möchte ich von Ihnen wissen, welches aus Ihrer Sicht in der Stadt Zürich zur Zeit die grössten Probleme sind. Sagen Sie mir bitte drei Probleme, die aus Ihrer Sicht im Moment in der Stadt Zürich am wichtigsten sind.."
"f21000_rec2aSort","offene Frage","keine","VORCODIERTE ANTWORTEN NICHT VORLESEN GUT NACHFRAGEN UND ERHALTENE ANTWORT WENN MÖGLICH DEN VORCODIERTEN ANTWORTEN ZUORDNEN","Jetzt möchte ich von Ihnen wissen, welches aus Ihrer Sicht in der Stadt Zürich zur Zeit die grössten Probleme sind. Sagen Sie mir bitte drei Probleme, die aus Ihrer Sicht im Moment in der Stadt Zürich am wichtigsten sind.."
"f21000_rec2bLang","offene Frage","keine","VORCODIERTE ANTWORTEN NICHT VORLESEN GUT NACHFRAGEN UND ERHALTENE ANTWORT WENN MÖGLICH DEN VORCODIERTEN ANTWORTEN ZUORDNEN","Jetzt möchte ich von Ihnen wissen, welches aus Ihrer Sicht in der Stadt Zürich zur Zeit die grössten Probleme sind. Sagen Sie mir bitte drei Probleme, die aus Ihrer Sicht im Moment in der Stadt Zürich am wichtigsten sind.."
"f21000_rec2bSort","offene Frage","keine","VORCODIERTE ANTWORTEN NICHT VORLESEN GUT NACHFRAGEN UND ERHALTENE ANTWORT WENN MÖGLICH DEN VORCODIERTEN ANTWORTEN ZUORDNEN","Jetzt möchte ich von Ihnen wissen, welches aus Ihrer Sicht in der Stadt Zürich zur Zeit die grössten Probleme sind. Sagen Sie mir bitte drei Probleme, die aus Ihrer Sicht im Moment in der Stadt Zürich am wichtigsten sind.."
"f21000_rec2cLang","offene Frage","keine","VORCODIERTE ANTWORTEN NICHT VORLESEN GUT NACHFRAGEN UND ERHALTENE ANTWORT WENN MÖGLICH DEN VORCODIERTEN ANTWORTEN ZUORDNEN","Jetzt möchte ich von Ihnen wissen, welches aus Ihrer Sicht in der Stadt Zürich zur Zeit die grössten Probleme sind. Sagen Sie mir bitte drei Probleme, die aus Ihrer Sicht im Moment in der Stadt Zürich am wichtigsten sind."
"f21000_rec2cSort","offene Frage","keine","VORCODIERTE ANTWORTEN NICHT VORLESEN GUT NACHFRAGEN UND ERHALTENE ANTWORT WENN MÖGLICH DEN VORCODIERTEN ANTWORTEN ZUORDNEN","Jetzt möchte ich von Ihnen wissen, welches aus Ihrer Sicht in der Stadt Zürich zur Zeit die grössten Probleme sind. Sagen Sie mir bitte drei Probleme, die aus Ihrer Sicht im Moment in der Stadt Zürich am wichtigsten sind."
"f23001Lang","Fragebatterie","keine","keine","Ich lese Ihnen jetzt einige Einrichtungen und Angebote der Stadt Zürich vor. Bitte sagen Sie mir, wie zufrieden sie mit diesen Angeboten sind. Sie können mir Ihr Urteil mit einer Note von 1 bis 6 angeben. 6 bedeutet, dass Sie mit etwas sehr zufrieden sind und 1 bedeutet, dass Sie überhaupt nicht zufrieden sind. Um Ihr Urteil abzustufen können Sie auch eine Note dazwischen auswählen.."
"f23001Sort","Fragebatterie","keine","keine","Ich lese Ihnen jetzt einige Einrichtungen und Angebote der Stadt Zürich vor. Bitte sagen Sie mir, wie zufrieden sie mit diesen Angeboten sind. Sie können mir Ihr Urteil mit einer Note von 1 bis 6 angeben. 6 bedeutet, dass Sie mit etwas sehr zufrieden sind und 1 bedeutet, dass Sie überhaupt nicht zufrieden sind. Um Ihr Urteil abzustufen können Sie auch eine Note dazwischen auswählen.."
"f23002Lang","Fragebatterie","keine","keine","Ich lese Ihnen jetzt einige Einrichtungen und Angebote der Stadt Zürich vor. Bitte sagen Sie mir, wie zufrieden sie mit diesen Angeboten sind. Sie können mir Ihr Urteil mit einer Note von 1 bis 6 angeben. 6 bedeutet, dass Sie mit etwas sehr zufrieden sind und 1 bedeutet, dass Sie überhaupt nicht zufrieden sind. Um Ihr Urteil abzustufen können Sie auch eine Note dazwischen auswählen.."
"f23002Sort","Fragebatterie","keine","keine","Ich lese Ihnen jetzt einige Einrichtungen und Angebote der Stadt Zürich vor. Bitte sagen Sie mir, wie zufrieden sie mit diesen Angeboten sind. Sie können mir Ihr Urteil mit einer Note von 1 bis 6 angeben. 6 bedeutet, dass Sie mit etwas sehr zufrieden sind und 1 bedeutet, dass Sie überhaupt nicht zufrieden sind. Um Ihr Urteil abzustufen können Sie auch eine Note dazwischen auswählen.."
"f23003Lang","Fragebatterie","keine","keine","Ich lese Ihnen jetzt einige Einrichtungen und Angebote der Stadt Zürich vor. Bitte sagen Sie mir, wie zufrieden sie mit diesen Angeboten sind. Sie können mir Ihr Urteil mit einer Note von 1 bis 6 angeben. 6 bedeutet, dass Sie mit etwas sehr zufrieden sind und 1 bedeutet, dass Sie überhaupt nicht zufrieden sind. Um Ihr Urteil abzustufen können Sie auch eine Note dazwischen auswählen.."
"f23003Sort","Fragebatterie","keine","keine","Ich lese Ihnen jetzt einige Einrichtungen und Angebote der Stadt Zürich vor. Bitte sagen Sie mir, wie zufrieden sie mit diesen Angeboten sind. Sie können mir Ihr Urteil mit einer Note von 1 bis 6 angeben. 6 bedeutet, dass Sie mit etwas sehr zufrieden sind und 1 bedeutet, dass Sie überhaupt nicht zufrieden sind. Um Ihr Urteil abzustufen können Sie auch eine Note dazwischen auswählen.."
"f23004Lang","Fragebatterie","keine","keine","Ich lese Ihnen jetzt einige Einrichtungen und Angebote der Stadt Zürich vor. Bitte sagen Sie mir, wie zufrieden sie mit diesen Angeboten sind. Sie können mir Ihr Urteil mit einer Note von 1 bis 6 angeben. 6 bedeutet, dass Sie mit etwas sehr zufrieden sind und 1 bedeutet, dass Sie überhaupt nicht zufrieden sind. Um Ihr Urteil abzustufen können Sie auch eine Note dazwischen auswählen.."
"f23004Sort","Fragebatterie","keine","keine","Ich lese Ihnen jetzt einige Einrichtungen und Angebote der Stadt Zürich vor. Bitte sagen Sie mir, wie zufrieden sie mit diesen Angeboten sind. Sie können mir Ihr Urteil mit einer Note von 1 bis 6 angeben. 6 bedeutet, dass Sie mit etwas sehr zufrieden sind und 1 bedeutet, dass Sie überhaupt nicht zufrieden sind. Um Ihr Urteil abzustufen können Sie auch eine Note dazwischen auswählen.."
"f23005Lang","Fragebatterie","keine","keine","Ich lese Ihnen jetzt einige Einrichtungen und Angebote der Stadt Zürich vor. Bitte sagen Sie mir, wie zufrieden sie mit diesen Angeboten sind. Sie können mir Ihr Urteil mit einer Note von 1 bis 6 angeben. 6 bedeutet, dass Sie mit etwas sehr zufrieden sind und 1 bedeutet, dass Sie überhaupt nicht zufrieden sind. Um Ihr Urteil abzustufen können Sie auch eine Note dazwischen auswählen.."
"f23005Sort","Fragebatterie","keine","keine","Ich lese Ihnen jetzt einige Einrichtungen und Angebote der Stadt Zürich vor. Bitte sagen Sie mir, wie zufrieden sie mit diesen Angeboten sind. Sie können mir Ihr Urteil mit einer Note von 1 bis 6 angeben. 6 bedeutet, dass Sie mit etwas sehr zufrieden sind und 1 bedeutet, dass Sie überhaupt nicht zufrieden sind. Um Ihr Urteil abzustufen können Sie auch eine Note dazwischen auswählen.."
"f23006Lang","Fragebatterie","keine","keine","Ich lese Ihnen jetzt einige Einrichtungen und Angebote der Stadt Zürich vor. Bitte sagen Sie mir, wie zufrieden sie mit diesen Angeboten sind. Sie können mir Ihr Urteil mit einer Note von 1 bis 6 angeben. 6 bedeutet, dass Sie mit etwas sehr zufrieden sind und 1 bedeutet, dass Sie überhaupt nicht zufrieden sind. Um Ihr Urteil abzustufen können Sie auch eine Note dazwischen auswählen.."
"f23006Sort","Fragebatterie","keine","keine","Ich lese Ihnen jetzt einige Einrichtungen und Angebote der Stadt Zürich vor. Bitte sagen Sie mir, wie zufrieden sie mit diesen Angeboten sind. Sie können mir Ihr Urteil mit einer Note von 1 bis 6 angeben. 6 bedeutet, dass Sie mit etwas sehr zufrieden sind und 1 bedeutet, dass Sie überhaupt nicht zufrieden sind. Um Ihr Urteil abzustufen können Sie auch eine Note dazwischen auswählen.."
"f23007Lang","Fragebatterie","keine","keine","Ich lese Ihnen jetzt einige Einrichtungen und Angebote der Stadt Zürich vor. Bitte sagen Sie mir, wie zufrieden sie mit diesen Angeboten sind. Sie können mir Ihr Urteil mit einer Note von 1 bis 6 angeben. 6 bedeutet, dass Sie mit etwas sehr zufrieden sind und 1 bedeutet, dass Sie überhaupt nicht zufrieden sind. Um Ihr Urteil abzustufen können Sie auch eine Note dazwischen auswählen.."
"f23007Sort","Fragebatterie","keine","keine","Ich lese Ihnen jetzt einige Einrichtungen und Angebote der Stadt Zürich vor. Bitte sagen Sie mir, wie zufrieden sie mit diesen Angeboten sind. Sie können mir Ihr Urteil mit einer Note von 1 bis 6 angeben. 6 bedeutet, dass Sie mit etwas sehr zufrieden sind und 1 bedeutet, dass Sie überhaupt nicht zufrieden sind. Um Ihr Urteil abzustufen können Sie auch eine Note dazwischen auswählen.."
"f23008Lang","Fragebatterie","keine","keine","Ich lese Ihnen jetzt einige Einrichtungen und Angebote der Stadt Zürich vor. Bitte sagen Sie mir, wie zufrieden sie mit diesen Angeboten sind. Sie können mir Ihr Urteil mit einer Note von 1 bis 6 angeben. 6 bedeutet, dass Sie mit etwas sehr zufrieden sind und 1 bedeutet, dass Sie überhaupt nicht zufrieden sind. Um Ihr Urteil abzustufen können Sie auch eine Note dazwischen auswählen.."
"f23008Sort","Fragebatterie","keine","keine","Ich lese Ihnen jetzt einige Einrichtungen und Angebote der Stadt Zürich vor. Bitte sagen Sie mir, wie zufrieden sie mit diesen Angeboten sind. Sie können mir Ihr Urteil mit einer Note von 1 bis 6 angeben. 6 bedeutet, dass Sie mit etwas sehr zufrieden sind und 1 bedeutet, dass Sie überhaupt nicht zufrieden sind. Um Ihr Urteil abzustufen können Sie auch eine Note dazwischen auswählen.."
"f23009Lang","Fragebatterie","keine","keine","Ich lese Ihnen jetzt einige Einrichtungen und Angebote der Stadt Zürich vor. Bitte sagen Sie mir, wie zufrieden sie mit diesen Angeboten sind. Sie können mir Ihr Urteil mit einer Note von 1 bis 6 angeben. 6 bedeutet, dass Sie mit etwas sehr zufrieden sind und 1 bedeutet, dass Sie überhaupt nicht zufrieden sind. Um Ihr Urteil abzustufen können Sie auch eine Note dazwischen auswählen.."
"f23009Sort","Fragebatterie","keine","keine","Ich lese Ihnen jetzt einige Einrichtungen und Angebote der Stadt Zürich vor. Bitte sagen Sie mir, wie zufrieden sie mit diesen Angeboten sind. Sie können mir Ihr Urteil mit einer Note von 1 bis 6 angeben. 6 bedeutet, dass Sie mit etwas sehr zufrieden sind und 1 bedeutet, dass Sie überhaupt nicht zufrieden sind. Um Ihr Urteil abzustufen können Sie auch eine Note dazwischen auswählen.."
"f23010Lang","Fragebatterie","keine","keine","Ich lese Ihnen jetzt einige Einrichtungen und Angebote der Stadt Zürich vor. Bitte sagen Sie mir, wie zufrieden sie mit diesen Angeboten sind. Sie können mir Ihr Urteil mit einer Note von 1 bis 6 angeben. 6 bedeutet, dass Sie mit etwas sehr zufrieden sind und 1 bedeutet, dass Sie überhaupt nicht zufrieden sind. Um Ihr Urteil abzustufen können Sie auch eine Note dazwischen auswählen.."
"f23010Sort","Fragebatterie","keine","keine","Ich lese Ihnen jetzt einige Einrichtungen und Angebote der Stadt Zürich vor. Bitte sagen Sie mir, wie zufrieden sie mit diesen Angeboten sind. Sie können mir Ihr Urteil mit einer Note von 1 bis 6 angeben. 6 bedeutet, dass Sie mit etwas sehr zufrieden sind und 1 bedeutet, dass Sie überhaupt nicht zufrieden sind. Um Ihr Urteil abzustufen können Sie auch eine Note dazwischen auswählen.."
"f23011Lang","Fragebatterie","keine","keine","Ich lese Ihnen jetzt einige Einrichtungen und Angebote der Stadt Zürich vor. Bitte sagen Sie mir, wie zufrieden sie mit diesen Angeboten sind. Sie können mir Ihr Urteil mit einer Note von 1 bis 6 angeben. 6 bedeutet, dass Sie mit etwas sehr zufrieden sind und 1 bedeutet, dass Sie überhaupt nicht zufrieden sind. Um Ihr Urteil abzustufen können Sie auch eine Note dazwischen auswählen.."
"f23011Sort","Fragebatterie","keine","keine","Ich lese Ihnen jetzt einige Einrichtungen und Angebote der Stadt Zürich vor. Bitte sagen Sie mir, wie zufrieden sie mit diesen Angeboten sind. Sie können mir Ihr Urteil mit einer Note von 1 bis 6 angeben. 6 bedeutet, dass Sie mit etwas sehr zufrieden sind und 1 bedeutet, dass Sie überhaupt nicht zufrieden sind. Um Ihr Urteil abzustufen können Sie auch eine Note dazwischen auswählen.."
"f23013Lang","Fragebatterie","keine","keine","Ich lese Ihnen jetzt einige Einrichtungen und Angebote der Stadt Zürich vor. Bitte sagen Sie mir, wie zufrieden sie mit diesen Angeboten sind. Sie können mir Ihr Urteil mit einer Note von 1 bis 6 angeben. 6 bedeutet, dass Sie mit etwas sehr zufrieden sind und 1 bedeutet, dass Sie überhaupt nicht zufrieden sind. Um Ihr Urteil abzustufen können Sie auch eine Note dazwischen auswählen.."
"f23013Sort","Fragebatterie","keine","keine","Ich lese Ihnen jetzt einige Einrichtungen und Angebote der Stadt Zürich vor. Bitte sagen Sie mir, wie zufrieden sie mit diesen Angeboten sind. Sie können mir Ihr Urteil mit einer Note von 1 bis 6 angeben. 6 bedeutet, dass Sie mit etwas sehr zufrieden sind und 1 bedeutet, dass Sie überhaupt nicht zufrieden sind. Um Ihr Urteil abzustufen können Sie auch eine Note dazwischen auswählen.."
"f23017Lang","Fragebatterie","keine","keine","Ich lese Ihnen jetzt einige Einrichtungen und Angebote der Stadt Zürich vor. Bitte sagen Sie mir, wie zufrieden sie mit diesen Angeboten sind. Sie können mir Ihr Urteil mit einer Note von 1 bis 6 angeben. 6 bedeutet, dass Sie mit etwas sehr zufrieden sind und 1 bedeutet, dass Sie überhaupt nicht zufrieden sind. Um Ihr Urteil abzustufen können Sie auch eine Note dazwischen auswählen.."
"f23017Sort","Fragebatterie","keine","keine","Ich lese Ihnen jetzt einige Einrichtungen und Angebote der Stadt Zürich vor. Bitte sagen Sie mir, wie zufrieden sie mit diesen Angeboten sind. Sie können mir Ihr Urteil mit einer Note von 1 bis 6 angeben. 6 bedeutet, dass Sie mit etwas sehr zufrieden sind und 1 bedeutet, dass Sie überhaupt nicht zufrieden sind. Um Ihr Urteil abzustufen können Sie auch eine Note dazwischen auswählen.."
"f23019Lang","Fragebatterie","keine","keine","Ich lese Ihnen jetzt einige Einrichtungen und Angebote der Stadt Zürich vor. Bitte sagen Sie mir, wie zufrieden sie mit diesen Angeboten sind. Sie können mir Ihr Urteil mit einer Note von 1 bis 6 angeben. 6 bedeutet, dass Sie mit etwas sehr zufrieden sind und 1 bedeutet, dass Sie überhaupt nicht zufrieden sind. Um Ihr Urteil abzustufen können Sie auch eine Note dazwischen auswählen.."
"f23019Sort","Fragebatterie","keine","keine","Ich lese Ihnen jetzt einige Einrichtungen und Angebote der Stadt Zürich vor. Bitte sagen Sie mir, wie zufrieden sie mit diesen Angeboten sind. Sie können mir Ihr Urteil mit einer Note von 1 bis 6 angeben. 6 bedeutet, dass Sie mit etwas sehr zufrieden sind und 1 bedeutet, dass Sie überhaupt nicht zufrieden sind. Um Ihr Urteil abzustufen können Sie auch eine Note dazwischen auswählen.."
"f24001Lang","Fragebatterie","keine","keine","Jetzt kommen wir zu den Massnahmen, die von der Stadt Zürich in verschiedenen Bereichen vorgenommen werden. Wird Ihrer Meinung nach von der Stadt Zürich für die folgenden Bereiche zuviel oder zuwenig getan?."
"f24001Sort","Fragebatterie","keine","keine","Jetzt kommen wir zu den Massnahmen, die von der Stadt Zürich in verschiedenen Bereichen vorgenommen werden. Wird Ihrer Meinung nach von der Stadt Zürich für die folgenden Bereiche zuviel oder zuwenig getan?."
"f24002Lang","Fragebatterie","keine","keine","Jetzt kommen wir zu den Massnahmen, die von der Stadt Zürich in verschiedenen Bereichen vorgenommen werden. Wird Ihrer Meinung nach von der Stadt Zürich für die folgenden Bereiche zuviel oder zuwenig getan?."
"f24002Sort","Fragebatterie","keine","keine","Jetzt kommen wir zu den Massnahmen, die von der Stadt Zürich in verschiedenen Bereichen vorgenommen werden. Wird Ihrer Meinung nach von der Stadt Zürich für die folgenden Bereiche zuviel oder zuwenig getan?."
"f24003Lang","Fragebatterie","keine","keine","Jetzt kommen wir zu den Massnahmen, die von der Stadt Zürich in verschiedenen Bereichen vorgenommen werden. Wird Ihrer Meinung nach von der Stadt Zürich für die folgenden Bereiche zuviel oder zuwenig getan?."
"f24003Sort","Fragebatterie","keine","keine","Jetzt kommen wir zu den Massnahmen, die von der Stadt Zürich in verschiedenen Bereichen vorgenommen werden. Wird Ihrer Meinung nach von der Stadt Zürich für die folgenden Bereiche zuviel oder zuwenig getan?."
"f24004Lang","Fragebatterie","keine","keine","Jetzt kommen wir zu den Massnahmen, die von der Stadt Zürich in verschiedenen Bereichen vorgenommen werden. Wird Ihrer Meinung nach von der Stadt Zürich für die folgenden Bereiche zuviel oder zuwenig getan?."
"f24004Sort","Fragebatterie","keine","keine","Jetzt kommen wir zu den Massnahmen, die von der Stadt Zürich in verschiedenen Bereichen vorgenommen werden. Wird Ihrer Meinung nach von der Stadt Zürich für die folgenden Bereiche zuviel oder zuwenig getan?."
"f24005Lang","Fragebatterie","keine","keine","Jetzt kommen wir zu den Massnahmen, die von der Stadt Zürich in verschiedenen Bereichen vorgenommen werden. Wird Ihrer Meinung nach von der Stadt Zürich für die folgenden Bereiche zuviel oder zuwenig getan?."
"f24005Sort","Fragebatterie","keine","keine","Jetzt kommen wir zu den Massnahmen, die von der Stadt Zürich in verschiedenen Bereichen vorgenommen werden. Wird Ihrer Meinung nach von der Stadt Zürich für die folgenden Bereiche zuviel oder zuwenig getan?."
"f24006Lang","Fragebatterie","keine","keine","Jetzt kommen wir zu den Massnahmen, die von der Stadt Zürich in verschiedenen Bereichen vorgenommen werden. Wird Ihrer Meinung nach von der Stadt Zürich für die folgenden Bereiche zuviel oder zuwenig getan?."
"f24006Sort","Fragebatterie","keine","keine","Jetzt kommen wir zu den Massnahmen, die von der Stadt Zürich in verschiedenen Bereichen vorgenommen werden. Wird Ihrer Meinung nach von der Stadt Zürich für die folgenden Bereiche zuviel oder zuwenig getan?."
"f24007Lang","Fragebatterie","keine","keine","Jetzt kommen wir zu den Massnahmen, die von der Stadt Zürich in verschiedenen Bereichen vorgenommen werden. Wird Ihrer Meinung nach von der Stadt Zürich für die folgenden Bereiche zuviel oder zuwenig getan?."
"f24007Sort","Fragebatterie","keine","keine","Jetzt kommen wir zu den Massnahmen, die von der Stadt Zürich in verschiedenen Bereichen vorgenommen werden. Wird Ihrer Meinung nach von der Stadt Zürich für die folgenden Bereiche zuviel oder zuwenig getan?."
"f24008Lang","Fragebatterie","keine","keine","Jetzt kommen wir zu den Massnahmen, die von der Stadt Zürich in verschiedenen Bereichen vorgenommen werden. Wird Ihrer Meinung nach von der Stadt Zürich für die folgenden Bereiche zuviel oder zuwenig getan?."
"f24008Sort","Fragebatterie","keine","keine","Jetzt kommen wir zu den Massnahmen, die von der Stadt Zürich in verschiedenen Bereichen vorgenommen werden. Wird Ihrer Meinung nach von der Stadt Zürich für die folgenden Bereiche zuviel oder zuwenig getan?."
"f24009Lang","Fragebatterie","keine","keine","Jetzt kommen wir zu den Massnahmen, die von der Stadt Zürich in verschiedenen Bereichen vorgenommen werden. Wird Ihrer Meinung nach von der Stadt Zürich für die folgenden Bereiche zuviel oder zuwenig getan?."
"f24009Sort","Fragebatterie","keine","keine","Jetzt kommen wir zu den Massnahmen, die von der Stadt Zürich in verschiedenen Bereichen vorgenommen werden. Wird Ihrer Meinung nach von der Stadt Zürich für die folgenden Bereiche zuviel oder zuwenig getan?."
"f24010Lang","Fragebatterie","keine","keine","Jetzt kommen wir zu den Massnahmen, die von der Stadt Zürich in verschiedenen Bereichen vorgenommen werden. Wird Ihrer Meinung nach von der Stadt Zürich für die folgenden Bereiche zuviel oder zuwenig getan?."
"f24010Sort","Fragebatterie","keine","keine","Jetzt kommen wir zu den Massnahmen, die von der Stadt Zürich in verschiedenen Bereichen vorgenommen werden. Wird Ihrer Meinung nach von der Stadt Zürich für die folgenden Bereiche zuviel oder zuwenig getan?."
"f24011Lang","Fragebatterie","keine","keine","Jetzt kommen wir zu den Massnahmen, die von der Stadt Zürich in verschiedenen Bereichen vorgenommen werden. Wird Ihrer Meinung nach von der Stadt Zürich für die folgenden Bereiche zuviel oder zuwenig getan?."
"f24011Sort","Fragebatterie","keine","keine","Jetzt kommen wir zu den Massnahmen, die von der Stadt Zürich in verschiedenen Bereichen vorgenommen werden. Wird Ihrer Meinung nach von der Stadt Zürich für die folgenden Bereiche zuviel oder zuwenig getan?."
"f24012Lang","Fragebatterie","keine","keine","Jetzt kommen wir zu den Massnahmen, die von der Stadt Zürich in verschiedenen Bereichen vorgenommen werden. Wird Ihrer Meinung nach von der Stadt Zürich für die folgenden Bereiche zuviel oder zuwenig getan?."
"f24012Sort","Fragebatterie","keine","keine","Jetzt kommen wir zu den Massnahmen, die von der Stadt Zürich in verschiedenen Bereichen vorgenommen werden. Wird Ihrer Meinung nach von der Stadt Zürich für die folgenden Bereiche zuviel oder zuwenig getan?."
"f24013Lang","Fragebatterie","keine","keine","Jetzt kommen wir zu den Massnahmen, die von der Stadt Zürich in verschiedenen Bereichen vorgenommen werden. Wird Ihrer Meinung nach von der Stadt Zürich für die folgenden Bereiche zuviel oder zuwenig getan?."
"f24013Sort","Fragebatterie","keine","keine","Jetzt kommen wir zu den Massnahmen, die von der Stadt Zürich in verschiedenen Bereichen vorgenommen werden. Wird Ihrer Meinung nach von der Stadt Zürich für die folgenden Bereiche zuviel oder zuwenig getan?."
"f24014Lang","Fragebatterie","keine","keine","Jetzt kommen wir zu den Massnahmen, die von der Stadt Zürich in verschiedenen Bereichen vorgenommen werden. Wird Ihrer Meinung nach von der Stadt Zürich für die folgenden Bereiche zuviel oder zuwenig getan?."
"f24014Sort","Fragebatterie","keine","keine","Jetzt kommen wir zu den Massnahmen, die von der Stadt Zürich in verschiedenen Bereichen vorgenommen werden. Wird Ihrer Meinung nach von der Stadt Zürich für die folgenden Bereiche zuviel oder zuwenig getan?."
"f25000Lang","normale Frage","keine","keine","Welches ist Ihre grundsätzliche Meinung zum Ausgabeverhalten von der Stadt? Ich lese Ihnen jetzt drei verschiedene Aussagen vor, und Sie können mir sagen, welche Ihrer Meinung nach am ehesten zutrifft."
"f25000Sort","normale Frage","keine","keine","Welches ist Ihre grundsätzliche Meinung zum Ausgabeverhalten von der Stadt? Ich lese Ihnen jetzt drei verschiedene Aussagen vor, und Sie können mir sagen, welche Ihrer Meinung nach am ehesten zutrifft."
"f25050Lang","normale Frage","keine","keine","Wie beurteilen Sie ganz allgemein die heutige wirtschaftliche Lage der Stadt Zürich? Sie können mir sagen…."
"f25050Sort","normale Frage","keine","keine","Wie beurteilen Sie ganz allgemein die heutige wirtschaftliche Lage der Stadt Zürich? Sie können mir sagen...."
"f25060Lang","normale Frage","keine","keine","Was glauben Sie, wie wird die wirtschaftliche Lage der Stadt Zürich in ein bis zwei Jahren sein? Glauben Sie, dass sie besser oder schlechter als heute sein wird. Oder bleibt sie etwa gleich?."
"f25060Sort","normale Frage","keine","keine","Was glauben Sie, wie wird die wirtschaftliche Lage der Stadt Zürich in ein bis zwei Jahren sein? Glauben Sie, dass sie besser oder schlechter als heute sein wird. Oder bleibt sie etwa gleich?."
"f25070Lang","normale Frage","keine","keine","Und wie beurteilen Sie Ihre eigene wirtschaftliche Lage heute? Sie können mir sagen…."
"f25070Sort","normale Frage","keine","keine","Und wie beurteilen Sie Ihre eigene wirtschaftliche Lage heute? Sie können mir sagen…."
"f25080Lang","normale Frage","keine","keine","Was glauben Sie, wie wird Ihre persönliche wirtschaftliche Lage in ein bis zwei Jahren sein? Glauben Sie, dass sie besser oder schlechter als heute sein wird. Oder bleibt sie etwa gleich?."
"f25080Sort","normale Frage","keine","keine","Was glauben Sie, wie wird Ihre persönliche wirtschaftliche Lage in ein bis zwei Jahren sein? Glauben Sie, dass sie besser oder schlechter als heute sein wird. Oder bleibt sie etwa gleich?."
"f25100Lang","normale Frage","keine","keine","Wie stark interessieren Sie sich für die lokale Politik in der Stadt Zürich?."
"f25100Sort","normale Frage","keine","keine","Wie stark interessieren Sie sich für die lokale Politik in der Stadt Zürich?."
"f25200Lang","normale Frage","keine","keine","Wie gut fühlen Sie sich von den Behörden, d.h. Gemeinde- und Stadtrat, vertreten?."
"f25200Sort","normale Frage","keine","keine","Wie gut fühlen Sie sich von den Behörden, d.h. Gemeinde- und Stadtrat, vertreten?."
"f25300a_recLang","offene Frage","F25200/CODE1,2.","VORCODIERTE ANTWORTEN NICHT VORLESEN","Wie gut fühlen Sie sich von den Behörden, d.h. Gemeinde- und Stadtrat, vertreten?."
"f25300a_recSort","offene Frage","F25200/CODE1,2.","VORCODIERTE ANTWORTEN NICHT VORLESEN","Wie gut fühlen Sie sich von den Behörden, d.h. Gemeinde- und Stadtrat, vertreten?."
"f25300b_recLang","offene Frage","F25200/CODE1,2.","VORCODIERTE ANTWORTEN NICHT VORLESEN","Wie gut fühlen Sie sich von den Behörden, d.h. Gemeinde- und Stadtrat, vertreten?."
"f25300b_recSort","offene Frage","F25200/CODE1,2.","VORCODIERTE ANTWORTEN NICHT VORLESEN","Wie gut fühlen Sie sich von den Behörden, d.h. Gemeinde- und Stadtrat, vertreten?."
"f25300c_recLang","offene Frage","F25200/CODE1,2.","VORCODIERTE ANTWORTEN NICHT VORLESEN","Wie gut fühlen Sie sich von den Behörden, d.h. Gemeinde- und Stadtrat, vertreten?."
"f25300c_recSort","offene Frage","F25200/CODE1,2.","VORCODIERTE ANTWORTEN NICHT VORLESEN","Wie gut fühlen Sie sich von den Behörden, d.h. Gemeinde- und Stadtrat, vertreten?."
"f25300d_recLang","offene Frage","F25200/CODE1,2.","VORCODIERTE ANTWORTEN NICHT VORLESEN","Wie gut fühlen Sie sich von den Behörden, d.h. Gemeinde- und Stadtrat, vertreten?."
"f25300d_recSort","offene Frage","F25200/CODE1,2.","VORCODIERTE ANTWORTEN NICHT VORLESEN","Wie gut fühlen Sie sich von den Behörden, d.h. Gemeinde- und Stadtrat, vertreten?."
"f26010Lang","Fragebatterie","keine","keine","Wie zufrieden sind Sie mit den Leistungen von städtischen Verwaltungsabteilungen? Sie können mir anhand einer Skala von sehr zufrieden, eher zufrieden, eher unzufrieden bis sehr unzufrieden Antwort geben.."
"f26010Sort","Fragebatterie","keine","keine","Wie zufrieden sind Sie mit den Leistungen von städtischen Verwaltungsabteilungen? Sie können mir anhand einer Skala von sehr zufrieden, eher zufrieden, eher unzufrieden bis sehr unzufrieden Antwort geben.."
"f26020Lang","Fragebatterie","keine","keine","Wie zufrieden sind Sie mit den Leistungen von städtischen Verwaltungsabteilungen? Sie können mir anhand einer Skala von sehr zufrieden, eher zufrieden, eher unzufrieden bis sehr unzufrieden Antwort geben.."
"f26020Sort","Fragebatterie","keine","keine","Wie zufrieden sind Sie mit den Leistungen von städtischen Verwaltungsabteilungen? Sie können mir anhand einer Skala von sehr zufrieden, eher zufrieden, eher unzufrieden bis sehr unzufrieden Antwort geben.."
"f26030Lang","Fragebatterie","keine","keine","Wie zufrieden sind Sie mit den Leistungen von städtischen Verwaltungsabteilungen? Sie können mir anhand einer Skala von sehr zufrieden, eher zufrieden, eher unzufrieden bis sehr unzufrieden Antwort geben.."
"f26030Sort","Fragebatterie","keine","keine","Wie zufrieden sind Sie mit den Leistungen von städtischen Verwaltungsabteilungen? Sie können mir anhand einer Skala von sehr zufrieden, eher zufrieden, eher unzufrieden bis sehr unzufrieden Antwort geben.."
"f26050Lang","Fragebatterie","keine","keine","Wie zufrieden sind Sie mit den Leistungen von städtischen Verwaltungsabteilungen? Sie können mir anhand einer Skala von sehr zufrieden, eher zufrieden, eher unzufrieden bis sehr unzufrieden Antwort geben.."
"f26050Sort","Fragebatterie","keine","keine","Wie zufrieden sind Sie mit den Leistungen von städtischen Verwaltungsabteilungen? Sie können mir anhand einer Skala von sehr zufrieden, eher zufrieden, eher unzufrieden bis sehr unzufrieden Antwort geben.."
"f26060Lang","Fragebatterie","keine","keine","Wie zufrieden sind Sie mit den Leistungen von städtischen Verwaltungsabteilungen? Sie können mir anhand einer Skala von sehr zufrieden, eher zufrieden, eher unzufrieden bis sehr unzufrieden Antwort geben.."
"f26060Sort","Fragebatterie","keine","keine","Wie zufrieden sind Sie mit den Leistungen von städtischen Verwaltungsabteilungen? Sie können mir anhand einer Skala von sehr zufrieden, eher zufrieden, eher unzufrieden bis sehr unzufrieden Antwort geben.."
"f30210Lang","normale Frage","keine","keine","Jetzt wechseln wir das Thema und kommen zum Bereich Wohnen. Wie wohnen Sie? Sind Sie in einer…."
"f30210Sort","normale Frage","keine","keine","Jetzt wechseln wir das Thema und kommen zum Bereich Wohnen. Wie wohnen Sie? Sind Sie in einer…."
"f30700Lang","normale Frage","F30210/CODE2,3.","keine","Finden Sie den Mietzins für Ihre Wohnung im Vergleich zu dem, was sie bietet sehr hoch, eher hoch, angemessen, eher niedrig oder sehr niedrig?."
"f30700Sort","normale Frage","F30210/CODE2,3.","keine","Finden Sie den Mietzins für Ihre Wohnung im Vergleich zu dem, was sie bietet sehr hoch, eher hoch, angemessen, eher niedrig oder sehr niedrig?."
"f30800Lang","normale Frage","F30210/CODE2,3.","keine","Und im Verhältnis zu Ihrem monatlichen Haushaltsbudget? Finden Sie den Mietzins für Ihre Wohnung im Vergleich dazu sehr hoch, eher hoch, angemessen, eher niedrig oder sehr niedrig?."
"f30800Sort","normale Frage","F30210/CODE2,3.","keine","Und im Verhältnis zu Ihrem monatlichen Haushaltsbudget? Finden Sie den Mietzins für Ihre Wohnung im Vergleich dazu sehr hoch, eher hoch, angemessen, eher niedrig oder sehr niedrig?."
"f31000Lang","normale Frage","keine","keine","Wie zufrieden sind Sie, alles in allem genommen, mit Ihrer Wohnung oder mit Ihrem Haus? 6 bedeutet, dass Sie sehr zufrieden sind und 1 bedeutet, dass Sie überhaupt nicht zufrieden sind. Um Ihr Urteil abzustufen können Sie auch eine Note dazwischen auswählen."
"f31000Sort","normale Frage","keine","keine","Wie zufrieden sind Sie, alles in allem genommen, mit Ihrer Wohnung oder mit Ihrem Haus? 6 bedeutet, dass Sie sehr zufrieden sind und 1 bedeutet, dass Sie überhaupt nicht zufrieden sind. Um Ihr Urteil abzustufen können Sie auch eine Note dazwischen auswählen."
"f35000Lang","normale Frage","keine","keine","Und jetzt denken Sie einmal an den Ort, an welchem Sie jetzt wohnen, also an die unmittelbare Umgebung Ihrer Wohnung oder Ihres Hauses. Alles in allem, wie zufrieden sind Sie mit Ihrer unmittelbaren Wohnumgebung? 6 bedeutet wiederum, dass Sie sehr zufrieden sind und 1 bedeutet, dass Sie überhaupt nicht zufrieden sind."
"f35000Sort","normale Frage","keine","keine","Und jetzt denken Sie einmal an den Ort, an welchem Sie jetzt wohnen, also an die unmittelbare Umgebung Ihrer Wohnung oder Ihres Hauses. Alles in allem, wie zufrieden sind Sie mit Ihrer unmittelbaren Wohnumgebung? 6 bedeutet wiederum, dass Sie sehr zufrieden sind und 1 bedeutet, dass Sie überhaupt nicht zufrieden sind."
"f35100Lang","normale Frage","keine","keine","Hat sich Ihre unmittelbare Wohnumgebung in Ihrer Wahrnehmung in letzter Zeit insgesamt eher positiv oder eher negativ verändert? Oder hat sie sich gar nicht verändert?."
"f35100Sort","normale Frage","keine","keine","Hat sich Ihre unmittelbare Wohnumgebung in Ihrer Wahrnehmung in letzter Zeit insgesamt eher positiv oder eher negativ verändert? Oder hat sie sich gar nicht verändert?."
"f36101Lang","Fragebatterie","keine","keine","Und jetzt kommen wir zu einzelnen Gegebenheiten in Ihrem Quartier. Sie können mir sagen wie zufrieden sie damit sind und Ihr Urteil wieder mit einer Note von 1 bis 6 angeben.."
"f36101Sort","Fragebatterie","keine","keine","Und jetzt kommen wir zu einzelnen Gegebenheiten in Ihrem Quartier. Sie können mir sagen wie zufrieden sie damit sind und Ihr Urteil wieder mit einer Note von 1 bis 6 angeben."
"f36102Lang","Fragebatterie","keine","keine","Und jetzt kommen wir zu einzelnen Gegebenheiten in Ihrem Quartier. Sie können mir sagen wie zufrieden sie damit sind und Ihr Urteil wieder mit einer Note von 1 bis 6 angeben."
"f36102Sort","Fragebatterie","keine","keine","Und jetzt kommen wir zu einzelnen Gegebenheiten in Ihrem Quartier. Sie können mir sagen wie zufrieden sie damit sind und Ihr Urteil wieder mit einer Note von 1 bis 6 angeben."
"f36103Lang","Fragebatterie","keine","keine","Und jetzt kommen wir zu einzelnen Gegebenheiten in Ihrem Quartier. Sie können mir sagen wie zufrieden sie damit sind und Ihr Urteil wieder mit einer Note von 1 bis 6 angeben."
"f36103Sort","Fragebatterie","keine","keine","Und jetzt kommen wir zu einzelnen Gegebenheiten in Ihrem Quartier. Sie können mir sagen wie zufrieden sie damit sind und Ihr Urteil wieder mit einer Note von 1 bis 6 angeben."
"f36104Lang","Fragebatterie","keine","keine","Und jetzt kommen wir zu einzelnen Gegebenheiten in Ihrem Quartier. Sie können mir sagen wie zufrieden sie damit sind und Ihr Urteil wieder mit einer Note von 1 bis 6 angeben."
"f36104Sort","Fragebatterie","keine","keine","Und jetzt kommen wir zu einzelnen Gegebenheiten in Ihrem Quartier. Sie können mir sagen wie zufrieden sie damit sind und Ihr Urteil wieder mit einer Note von 1 bis 6 angeben."
"f36105Lang","Fragebatterie","keine","keine","Und jetzt kommen wir zu einzelnen Gegebenheiten in Ihrem Quartier. Sie können mir sagen wie zufrieden sie damit sind und Ihr Urteil wieder mit einer Note von 1 bis 6 angeben."
"f36105Sort","Fragebatterie","keine","keine","Und jetzt kommen wir zu einzelnen Gegebenheiten in Ihrem Quartier. Sie können mir sagen wie zufrieden sie damit sind und Ihr Urteil wieder mit einer Note von 1 bis 6 angeben."
"f36106Lang","Fragebatterie","keine","keine","Und jetzt kommen wir zu einzelnen Gegebenheiten in Ihrem Quartier. Sie können mir sagen wie zufrieden sie damit sind und Ihr Urteil wieder mit einer Note von 1 bis 6 angeben."
"f36106Sort","Fragebatterie","keine","keine","Und jetzt kommen wir zu einzelnen Gegebenheiten in Ihrem Quartier. Sie können mir sagen wie zufrieden sie damit sind und Ihr Urteil wieder mit einer Note von 1 bis 6 angeben."
"f36107Lang","Fragebatterie","keine","keine","Und jetzt kommen wir zu einzelnen Gegebenheiten in Ihrem Quartier. Sie können mir sagen wie zufrieden sie damit sind und Ihr Urteil wieder mit einer Note von 1 bis 6 angeben."
"f36107Sort","Fragebatterie","keine","keine","Und jetzt kommen wir zu einzelnen Gegebenheiten in Ihrem Quartier. Sie können mir sagen wie zufrieden sie damit sind und Ihr Urteil wieder mit einer Note von 1 bis 6 angeben."
"f36108Lang","Fragebatterie","keine","keine","Und jetzt kommen wir zu einzelnen Gegebenheiten in Ihrem Quartier. Sie können mir sagen wie zufrieden sie damit sind und Ihr Urteil wieder mit einer Note von 1 bis 6 angeben."
"f36108Sort","Fragebatterie","keine","keine","Und jetzt kommen wir zu einzelnen Gegebenheiten in Ihrem Quartier. Sie können mir sagen wie zufrieden sie damit sind und Ihr Urteil wieder mit einer Note von 1 bis 6 angeben."
"f36109Lang","Fragebatterie","keine","keine","Und jetzt kommen wir zu einzelnen Gegebenheiten in Ihrem Quartier. Sie können mir sagen wie zufrieden sie damit sind und Ihr Urteil wieder mit einer Note von 1 bis 6 angeben."
"f36109Sort","Fragebatterie","keine","keine","Und jetzt kommen wir zu einzelnen Gegebenheiten in Ihrem Quartier. Sie können mir sagen wie zufrieden sie damit sind und Ihr Urteil wieder mit einer Note von 1 bis 6 angeben."
"f36110Lang","Fragebatterie","keine","keine","Und jetzt kommen wir zu einzelnen Gegebenheiten in Ihrem Quartier. Sie können mir sagen wie zufrieden sie damit sind und Ihr Urteil wieder mit einer Note von 1 bis 6 angeben."
"f36110Sort","Fragebatterie","keine","keine","Und jetzt kommen wir zu einzelnen Gegebenheiten in Ihrem Quartier. Sie können mir sagen wie zufrieden sie damit sind und Ihr Urteil wieder mit einer Note von 1 bis 6 angeben."
"f36200Lang","normale Frage","keine","keine","Haben Sie die konkrete Absicht, in nächster Zeit, das heisst in den nächsten zwei Jahren umzuziehen?."
"f36200Sort","normale Frage","keine","keine","Haben Sie die konkrete Absicht, in nächster Zeit, das heisst in den nächsten zwei Jahren umzuziehen?."
"f36400a_recLang","offene Frage","F36200/CODE1.","VORCODIERTE ANTWORTEN NICHT VORLESEN","Welches sind die Gründe für die Umzugsabsichten? Geben Sie bitte einen Hauptgrund an und einen Grund, der auch noch wichtig ist.."
"f36400a_recSort","offene Frage","F36200/CODE1.","VORCODIERTE ANTWORTEN NICHT VORLESEN","Welches sind die Gründe für die Umzugsabsichten? Geben Sie bitte einen Hauptgrund an und einen Grund, der auch noch wichtig ist.."
"f36400b_recLang","offene Frage","F36200/CODE1.","VORCODIERTE ANTWORTEN NICHT VORLESEN","Welches sind die Gründe für die Umzugsabsichten? Geben Sie bitte einen Hauptgrund an und einen Grund, der auch noch wichtig ist.."
"f36400b_recSort","offene Frage","F36200/CODE1.","VORCODIERTE ANTWORTEN NICHT VORLESEN","Welches sind die Gründe für die Umzugsabsichten? Geben Sie bitte einen Hauptgrund an und einen Grund, der auch noch wichtig ist.."
"f36400c_recLang","offene Frage","F36200/CODE1.","VORCODIERTE ANTWORTEN NICHT VORLESEN","Welches sind die Gründe für die Umzugsabsichten? Geben Sie bitte einen Hauptgrund an und einen Grund, der auch noch wichtig ist.."
"f36400c_recSort","offene Frage","F36200/CODE1.","VORCODIERTE ANTWORTEN NICHT VORLESEN","Welches sind die Gründe für die Umzugsabsichten? Geben Sie bitte einen Hauptgrund an und einen Grund, der auch noch wichtig ist.."
"f40100Lang","normale Frage","keine","keine","Wir möchten jetzt von Ihnen wissen, wie sicher Sie sich im öffentlichen Raum, in der Stadt Zürich wie auch in Ihrem Quartier, fühlen. Sagen Sie mir zuerst einmal, wie sicher fühlen Sie sich, wenn Sie in der Nacht alleine in Ihrem Quartier zu Fuss unterwegs sind?"
"f40100Sort","normale Frage","keine","keine","Wir möchten jetzt von Ihnen wissen, wie sicher Sie sich im öffentlichen Raum, in der Stadt Zürich wie auch in Ihrem Quartier, fühlen. Sagen Sie mir zuerst einmal, wie sicher fühlen Sie sich, wenn Sie in der Nacht alleine in Ihrem Quartier zu Fuss unterwegs sind?"
"f40200Lang","normale Frage","F40100/CODE1,2,3,4,98,99.",,"Wenn Sie in der Nacht alleine in Ihrem Quartier zu Fuss unterwegs sind, meiden Sie dann bewusst sicherheitshalber gewisse Strassen, Orte oder Leute?."
"f40200Sort","normale Frage","F40100/CODE1,2,3,4,98,99.",,"Wenn Sie in der Nacht alleine in Ihrem Quartier zu Fuss unterwegs sind, meiden Sie dann bewusst sicherheitshalber gewisse Strassen, Orte oder Leute?."
"f40300Lang","normale Frage","F40100/CODE1,2,3,4,98,99.",,"Gibt es andere Orte in der Stadt, die Sie sicherheitshalber nachts meiden würden?."
"f40300Sort","normale Frage","F40100/CODE1,2,3,4,98,99.",,"Gibt es andere Orte in der Stadt, die Sie sicherheitshalber nachts meiden würden?."
"f40400a_recLang","offene Frage","F40300/CODE1","VORCODIERTE ANTWORTEN NICHT VORLESEN","Welche Orte sind das?"
"f40400a_recSort","offene Frage","F40300/CODE1","VORCODIERTE ANTWORTEN NICHT VORLESEN","Welche Orte sind das?"
"f40400b_recLang","offene Frage","F40300/CODE1","VORCODIERTE ANTWORTEN NICHT VORLESEN","Welche Orte sind das?"
"f40400b_recSort","offene Frage","F40300/CODE1","VORCODIERTE ANTWORTEN NICHT VORLESEN","Welche Orte sind das?"
"f40400c_recLang","offene Frage","F40300/CODE1","VORCODIERTE ANTWORTEN NICHT VORLESEN","Welche Orte sind das?"
"f40400c_recSort","offene Frage","F40300/CODE1","VORCODIERTE ANTWORTEN NICHT VORLESEN","Welche Orte sind das?"
"f40400d_recLang","offene Frage","F40300/CODE1","VORCODIERTE ANTWORTEN NICHT VORLESEN","Welche Orte sind das?"
"f40400d_recSort","offene Frage","F40300/CODE1","VORCODIERTE ANTWORTEN NICHT VORLESEN","Welche Orte sind das?"
"f40400e_recLang","offene Frage","F40300/CODE1","VORCODIERTE ANTWORTEN NICHT VORLESEN","Welche Orte sind das?"
"f40400e_recSort","offene Frage","F40300/CODE1","VORCODIERTE ANTWORTEN NICHT VORLESEN","Welche Orte sind das?"
"f40400f_recLang","offene Frage","F40300/CODE1","VORCODIERTE ANTWORTEN NICHT VORLESEN","Welche Orte sind das?"
"f40400f_recSort","offene Frage","F40300/CODE1","VORCODIERTE ANTWORTEN NICHT VORLESEN","Welche Orte sind das?"
"f40400g_recLang","offene Frage","F40300/CODE1","VORCODIERTE ANTWORTEN NICHT VORLESEN","Welche Orte sind das?"
"f40400g_recSort","offene Frage","F40300/CODE1","VORCODIERTE ANTWORTEN NICHT VORLESEN","Welche Orte sind das?"
"f50001Lang","Fragebatterie","keine","keine","Jetzt kommen wir zu Fragen über bauliche Veränderungen in der Stadt: In Zürich wird gebaut. Neue Quartiere entstehen, bestehende Quartiere werden verdichtet und alte Häuser renoviert. Ich lese Ihnen jetzt ein paar Sätze zur baulichen Veränderung vor und Sie können mir sagen ob Sie voll damit einverstanden sind, ob Sie eher einverstanden sind, ob Sie eher nicht einverstanden sind oder ob Sie überhaupt nicht damit einverstanden sind"
"f50001Sort","Fragebatterie","keine","keine","Jetzt kommen wir zu Fragen über bauliche Veränderungen in der Stadt: In Zürich wird gebaut. Neue Quartiere entstehen, bestehende Quartiere werden verdichtet und alte Häuser renoviert. Ich lese Ihnen jetzt ein paar Sätze zur baulichen Veränderung vor und Sie können mir sagen ob Sie voll damit einverstanden sind, ob Sie eher einverstanden sind, ob Sie eher nicht einverstanden sind oder ob Sie überhaupt nicht damit einverstanden sind"
"f50002Lang","Fragebatterie","keine","keine","Jetzt kommen wir zu Fragen über bauliche Veränderungen in der Stadt: In Zürich wird gebaut. Neue Quartiere entstehen, bestehende Quartiere werden verdichtet und alte Häuser renoviert. Ich lese Ihnen jetzt ein paar Sätze zur baulichen Veränderung vor und Sie können mir sagen ob Sie voll damit einverstanden sind, ob Sie eher einverstanden sind, ob Sie eher nicht einverstanden sind oder ob Sie überhaupt nicht damit einverstanden sind"
"f50002Sort","Fragebatterie","keine","keine","Jetzt kommen wir zu Fragen über bauliche Veränderungen in der Stadt: In Zürich wird gebaut. Neue Quartiere entstehen, bestehende Quartiere werden verdichtet und alte Häuser renoviert. Ich lese Ihnen jetzt ein paar Sätze zur baulichen Veränderung vor und Sie können mir sagen ob Sie voll damit einverstanden sind, ob Sie eher einverstanden sind, ob Sie eher nicht einverstanden sind oder ob Sie überhaupt nicht damit einverstanden sind"
"f50003Lang","Fragebatterie","keine","keine","Jetzt kommen wir zu Fragen über bauliche Veränderungen in der Stadt: In Zürich wird gebaut. Neue Quartiere entstehen, bestehende Quartiere werden verdichtet und alte Häuser renoviert. Ich lese Ihnen jetzt ein paar Sätze zur baulichen Veränderung vor und Sie können mir sagen ob Sie voll damit einverstanden sind, ob Sie eher einverstanden sind, ob Sie eher nicht einverstanden sind oder ob Sie überhaupt nicht damit einverstanden sind"
"f50003Sort","Fragebatterie","keine","keine","Jetzt kommen wir zu Fragen über bauliche Veränderungen in der Stadt: In Zürich wird gebaut. Neue Quartiere entstehen, bestehende Quartiere werden verdichtet und alte Häuser renoviert. Ich lese Ihnen jetzt ein paar Sätze zur baulichen Veränderung vor und Sie können mir sagen ob Sie voll damit einverstanden sind, ob Sie eher einverstanden sind, ob Sie eher nicht einverstanden sind oder ob Sie überhaupt nicht damit einverstanden sind"
"f50004Lang","Fragebatterie","keine","keine","Jetzt kommen wir zu Fragen über bauliche Veränderungen in der Stadt: In Zürich wird gebaut. Neue Quartiere entstehen, bestehende Quartiere werden verdichtet und alte Häuser renoviert. Ich lese Ihnen jetzt ein paar Sätze zur baulichen Veränderung vor und Sie können mir sagen ob Sie voll damit einverstanden sind, ob Sie eher einverstanden sind, ob Sie eher nicht einverstanden sind oder ob Sie überhaupt nicht damit einverstanden sind"
"f50004Sort","Fragebatterie","keine","keine","Jetzt kommen wir zu Fragen über bauliche Veränderungen in der Stadt: In Zürich wird gebaut. Neue Quartiere entstehen, bestehende Quartiere werden verdichtet und alte Häuser renoviert. Ich lese Ihnen jetzt ein paar Sätze zur baulichen Veränderung vor und Sie können mir sagen ob Sie voll damit einverstanden sind, ob Sie eher einverstanden sind, ob Sie eher nicht einverstanden sind oder ob Sie überhaupt nicht damit einverstanden sind"
"f50005Lang","Fragebatterie","keine","keine","Jetzt kommen wir zu Fragen über bauliche Veränderungen in der Stadt: In Zürich wird gebaut. Neue Quartiere entstehen, bestehende Quartiere werden verdichtet und alte Häuser renoviert. Ich lese Ihnen jetzt ein paar Sätze zur baulichen Veränderung vor und Sie können mir sagen ob Sie voll damit einverstanden sind, ob Sie eher einverstanden sind, ob Sie eher nicht einverstanden sind oder ob Sie überhaupt nicht damit einverstanden sind"
"f50005Sort","Fragebatterie","keine","keine","Jetzt kommen wir zu Fragen über bauliche Veränderungen in der Stadt: In Zürich wird gebaut. Neue Quartiere entstehen, bestehende Quartiere werden verdichtet und alte Häuser renoviert. Ich lese Ihnen jetzt ein paar Sätze zur baulichen Veränderung vor und Sie können mir sagen ob Sie voll damit einverstanden sind, ob Sie eher einverstanden sind, ob Sie eher nicht einverstanden sind oder ob Sie überhaupt nicht damit einverstanden sind"
"f50030Lang","normale Frage","keine","keine","Wenn Sie rund um Ihr Haus schauen, finden Sie persönlich, im Vergleich zum übrigen Stadtgebiet, dass Ihre Wohngegend sehr dicht, eher dicht, eher locker oder sehr locker bebaut ist?."
"f50030Sort","normale Frage","keine","keine","Wenn Sie rund um Ihr Haus schauen, finden Sie persönlich, im Vergleich zum übrigen Stadtgebiet, dass Ihre Wohngegend sehr dicht, eher dicht, eher locker oder sehr locker bebaut ist?."
"f50040Lang","normale Frage","keine","keine","Und finden Sie die Bebauung Ihrer Wohngegend eher zu dicht, gerade richtig oder eher zu locker?."
"f50040Sort","normale Frage","keine","keine","Und finden Sie die Bebauung Ihrer Wohngegend eher zu dicht, gerade richtig oder eher zu locker?."
"f50051Lang","Fragebatterie","keine","keine","Beurteilen Sie jetzt die Entwicklung der Stadt Zürich insgesamt. Sie können mir bei jeder Aussage sagen, ob sie für Sie sehr zutrifft, eher zutrifft, nicht zutrifft oder überhaupt nicht zutrifft.."
"f50051Sort","Fragebatterie","keine","keine","Beurteilen Sie jetzt die Entwicklung der Stadt Zürich insgesamt. Sie können mir bei jeder Aussage sagen, ob sie für Sie sehr zutrifft, eher zutrifft, nicht zutrifft oder überhaupt nicht zutrifft.."
"f50052Lang","Fragebatterie","keine","keine","Beurteilen Sie jetzt die Entwicklung der Stadt Zürich insgesamt. Sie können mir bei jeder Aussage sagen, ob sie für Sie sehr zutrifft, eher zutrifft, nicht zutrifft oder überhaupt nicht zutrifft.."
"f50052Sort","Fragebatterie","keine","keine","Beurteilen Sie jetzt die Entwicklung der Stadt Zürich insgesamt. Sie können mir bei jeder Aussage sagen, ob sie für Sie sehr zutrifft, eher zutrifft, nicht zutrifft oder überhaupt nicht zutrifft.."
"f50053Lang","Fragebatterie","keine","keine","Beurteilen Sie jetzt die Entwicklung der Stadt Zürich insgesamt. Sie können mir bei jeder Aussage sagen, ob sie für Sie sehr zutrifft, eher zutrifft, nicht zutrifft oder überhaupt nicht zutrifft.."
"f50053Sort","Fragebatterie","keine","keine","Beurteilen Sie jetzt die Entwicklung der Stadt Zürich insgesamt. Sie können mir bei jeder Aussage sagen, ob sie für Sie sehr zutrifft, eher zutrifft, nicht zutrifft oder überhaupt nicht zutrifft.."
"f60010Lang","normale Frage","keine","keine","Jetzt kommen wir zu einigen Fragen zur Verkehrssituation und zur Nutzung von Verkehrsmitteln. Wie zufrieden sind Sie grundsätzlich mit der Situation als FussgängerIn, wenn Sie in der Stadt Zürich zu Fuss unterwegs sind? Bitte geben Sie mir Ihre Antwort mit einer Note von 1 bis 6. 6 bedeutet, dass Sie sehr zufrieden sind und 1 bedeutet, dass Sie überhaupt nicht zufrieden sind. Um Ihr Urteil abzustufen, können Sie auch eine Note dazwischen auswählen."
"f60010Sort","normale Frage","keine","keine","Jetzt kommen wir zu einigen Fragen zur Verkehrssituation und zur Nutzung von Verkehrsmitteln. Wie zufrieden sind Sie grundsätzlich mit der Situation als FussgängerIn, wenn Sie in der Stadt Zürich zu Fuss unterwegs sind? Bitte geben Sie mir Ihre Antwort mit einer Note von 1 bis 6. 6 bedeutet, dass Sie sehr zufrieden sind und 1 bedeutet, dass Sie überhaupt nicht zufrieden sind. Um Ihr Urteil abzustufen, können Sie auch eine Note dazwischen auswählen."
"f60023Lang","Fragebatterie","keine","keine","Wenn Sie in der Stadt Zürich zu Fuss unterwegs sind, wie beurteilen Sie für sich persönlich die folgenden Aussagen. Bitte sagen Sie mir jeweils, ob die Aussage auf Sie sehr zutrifft, eher zutrifft, eher nicht zutrifft oder überhaupt nicht zutrifft."
"f60023Sort","Fragebatterie","keine","keine","Wenn Sie in der Stadt Zürich zu Fuss unterwegs sind, wie beurteilen Sie für sich persönlich die folgenden Aussagen. Bitte sagen Sie mir jeweils, ob die Aussage auf Sie sehr zutrifft, eher zutrifft, eher nicht zutrifft oder überhaupt nicht zutrifft."
"f60025Lang","Fragebatterie","keine","keine","Wenn Sie in der Stadt Zürich zu Fuss unterwegs sind, wie beurteilen Sie für sich persönlich die folgenden Aussagen. Bitte sagen Sie mir jeweils, ob die Aussage auf Sie sehr zutrifft, eher zutrifft, eher nicht zutrifft oder überhaupt nicht zutrifft."
"f60025Sort","Fragebatterie","keine","keine","Wenn Sie in der Stadt Zürich zu Fuss unterwegs sind, wie beurteilen Sie für sich persönlich die folgenden Aussagen. Bitte sagen Sie mir jeweils, ob die Aussage auf Sie sehr zutrifft, eher zutrifft, eher nicht zutrifft oder überhaupt nicht zutrifft."
"f60026Lang","Fragebatterie","keine","keine","Wenn Sie in der Stadt Zürich zu Fuss unterwegs sind, wie beurteilen Sie für sich persönlich die folgenden Aussagen. Bitte sagen Sie mir jeweils, ob die Aussage auf Sie sehr zutrifft, eher zutrifft, eher nicht zutrifft oder überhaupt nicht zutrifft."
"f60026Sort","Fragebatterie","keine","keine","Wenn Sie in der Stadt Zürich zu Fuss unterwegs sind, wie beurteilen Sie für sich persönlich die folgenden Aussagen. Bitte sagen Sie mir jeweils, ob die Aussage auf Sie sehr zutrifft, eher zutrifft, eher nicht zutrifft oder überhaupt nicht zutrifft."
"f60027Lang","Fragebatterie","keine","keine","Wenn Sie in der Stadt Zürich zu Fuss unterwegs sind, wie beurteilen Sie für sich persönlich die folgenden Aussagen. Bitte sagen Sie mir jeweils, ob die Aussage auf Sie sehr zutrifft, eher zutrifft, eher nicht zutrifft oder überhaupt nicht zutrifft."
"f60027Sort","Fragebatterie","keine","keine","Wenn Sie in der Stadt Zürich zu Fuss unterwegs sind, wie beurteilen Sie für sich persönlich die folgenden Aussagen. Bitte sagen Sie mir jeweils, ob die Aussage auf Sie sehr zutrifft, eher zutrifft, eher nicht zutrifft oder überhaupt nicht zutrifft."
"f60028Lang","Fragebatterie","keine","keine","Wenn Sie in der Stadt Zürich zu Fuss unterwegs sind, wie beurteilen Sie für sich persönlich die folgenden Aussagen. Bitte sagen Sie mir jeweils, ob die Aussage auf Sie sehr zutrifft, eher zutrifft, eher nicht zutrifft oder überhaupt nicht zutrifft."
"f60028Sort","Fragebatterie","keine","keine","Wenn Sie in der Stadt Zürich zu Fuss unterwegs sind, wie beurteilen Sie für sich persönlich die folgenden Aussagen. Bitte sagen Sie mir jeweils, ob die Aussage auf Sie sehr zutrifft, eher zutrifft, eher nicht zutrifft oder überhaupt nicht zutrifft."
"f60100Lang","normale Frage","keine","keine","Wie häufig sind Sie in der Stadt Zürich mit dem Velo unterwegs?"
"f60100Sort","normale Frage","keine","keine","Wie häufig sind Sie in der Stadt Zürich mit dem Velo unterwegs?"
"f60110Lang","normale Frage","F60100/CODES1,2,3,4,5.","keine","Wie zufrieden sind Sie grundsätzlich mit der Situation als VelofahrerIn, also wenn Sie in der Stadt Zürich mit dem Velo unterwegs sind? Bitte geben Sie mir wieder eine Note von 1 bis 6.."
"f60110Sort","normale Frage","F60100/CODES1,2,3,4,5.","keine","Wie zufrieden sind Sie grundsätzlich mit der Situation als VelofahrerIn, also wenn Sie in der Stadt Zürich mit dem Velo unterwegs sind? Bitte geben Sie mir wieder eine Note von 1 bis 6.."
"f60121Lang","Fragebatterie","F60100/CODES1,2,3,4,5.","keine","Wenn Sie in der Stadt Zürich mit dem Velo unterwegs sind, wie beurteilen Sie für sich persönlich die folgenden Aussagen als VelofahrerIn. Bitte sagen Sie mir jeweils, ob die Aussage auf Sie sehr zutrifft, eher zutrifft, eher nicht zutrifft oder überhaupt nicht zutrifft."
"f60121Sort","Fragebatterie","F60100/CODES1,2,3,4,5.","keine","Wenn Sie in der Stadt Zürich mit dem Velo unterwegs sind, wie beurteilen Sie für sich persönlich die folgenden Aussagen als VelofahrerIn. Bitte sagen Sie mir jeweils, ob die Aussage auf Sie sehr zutrifft, eher zutrifft, eher nicht zutrifft oder überhaupt nicht zutrifft."
"f60123Lang","Fragebatterie","F60100/CODES1,2,3,4,5.","keine","Wenn Sie in der Stadt Zürich mit dem Velo unterwegs sind, wie beurteilen Sie für sich persönlich die folgenden Aussagen als VelofahrerIn. Bitte sagen Sie mir jeweils, ob die Aussage auf Sie sehr zutrifft, eher zutrifft, eher nicht zutrifft oder überhaupt nicht zutrifft."
"f60123Sort","Fragebatterie","F60100/CODES1,2,3,4,5.","keine","Wenn Sie in der Stadt Zürich mit dem Velo unterwegs sind, wie beurteilen Sie für sich persönlich die folgenden Aussagen als VelofahrerIn. Bitte sagen Sie mir jeweils, ob die Aussage auf Sie sehr zutrifft, eher zutrifft, eher nicht zutrifft oder überhaupt nicht zutrifft."
"f60124Lang","Fragebatterie","F60100/CODES1,2,3,4,5.","keine","Wenn Sie in der Stadt Zürich mit dem Velo unterwegs sind, wie beurteilen Sie für sich persönlich die folgenden Aussagen als VelofahrerIn. Bitte sagen Sie mir jeweils, ob die Aussage auf Sie sehr zutrifft, eher zutrifft, eher nicht zutrifft oder überhaupt nicht zutrifft."
"f60124Sort","Fragebatterie","F60100/CODES1,2,3,4,5.","keine","Wenn Sie in der Stadt Zürich mit dem Velo unterwegs sind, wie beurteilen Sie für sich persönlich die folgenden Aussagen als VelofahrerIn. Bitte sagen Sie mir jeweils, ob die Aussage auf Sie sehr zutrifft, eher zutrifft, eher nicht zutrifft oder überhaupt nicht zutrifft."
"f60125Lang","Fragebatterie","F60100/CODES1,2,3,4,5.","keine","Wenn Sie in der Stadt Zürich mit dem Velo unterwegs sind, wie beurteilen Sie für sich persönlich die folgenden Aussagen als VelofahrerIn. Bitte sagen Sie mir jeweils, ob die Aussage auf Sie sehr zutrifft, eher zutrifft, eher nicht zutrifft oder überhaupt nicht zutrifft."
"f60125Sort","Fragebatterie","F60100/CODES1,2,3,4,5.","keine","Wenn Sie in der Stadt Zürich mit dem Velo unterwegs sind, wie beurteilen Sie für sich persönlich die folgenden Aussagen als VelofahrerIn. Bitte sagen Sie mir jeweils, ob die Aussage auf Sie sehr zutrifft, eher zutrifft, eher nicht zutrifft oder überhaupt nicht zutrifft."
"f60126Lang","Fragebatterie","F60100/CODES1,2,3,4,5.","keine","Wenn Sie in der Stadt Zürich mit dem Velo unterwegs sind, wie beurteilen Sie für sich persönlich die folgenden Aussagen als VelofahrerIn. Bitte sagen Sie mir jeweils, ob die Aussage auf Sie sehr zutrifft, eher zutrifft, eher nicht zutrifft oder überhaupt nicht zutrifft."
"f60126Sort","Fragebatterie","F60100/CODES1,2,3,4,5.","keine","Wenn Sie in der Stadt Zürich mit dem Velo unterwegs sind, wie beurteilen Sie für sich persönlich die folgenden Aussagen als VelofahrerIn. Bitte sagen Sie mir jeweils, ob die Aussage auf Sie sehr zutrifft, eher zutrifft, eher nicht zutrifft oder überhaupt nicht zutrifft."
"f60200Lang","normale Frage","keine","keine","Wie häufig sind Sie in der Stadt Zürich mit öffentlichen Verkehrsmitteln, das heisst mit Tram, Bus oder S-Bahn, unterwegs?."
"f60200Sort","normale Frage","keine","keine","Wie häufig sind Sie in der Stadt Zürich mit öffentlichen Verkehrsmitteln, das heisst mit Tram, Bus oder S-Bahn, unterwegs?."
"f60210Lang","normale Frage","F60200/CODES1,2,3,4,5.","keine","Wie zufrieden sind Sie grundsätzlich mit der Situation, wenn Sie in der Stadt Zürich mit den öffentlichen Verkehrsmitteln unterwegs sind? Geben Sie mir wieder eine Note von 1 bis 6.."
"f60210Sort","normale Frage","F60200/CODES1,2,3,4,5.","keine","Wie zufrieden sind Sie grundsätzlich mit der Situation, wenn Sie in der Stadt Zürich mit den öffentlichen Verkehrsmitteln unterwegs sind? Geben Sie mir wieder eine Note von 1 bis 6.."
"f60221Lang","Fragebatterie","F60200/CODES1,2,3,4,5.","keine","Wenn Sie in der Stadt Zürich mit den öffentlichen Verkehrsmitteln unterwegs sind, wie beurteilen Sie für sich persönlich.die folgenden Aussagen."
"f60221Sort","Fragebatterie","F60200/CODES1,2,3,4,5.","keine","Wenn Sie in der Stadt Zürich mit den öffentlichen Verkehrsmitteln unterwegs sind, wie beurteilen Sie für sich persönlich.die folgenden Aussagen."
"f60223Lang","Fragebatterie","F60200/CODES1,2,3,4,5.","keine","Wenn Sie in der Stadt Zürich mit den öffentlichen Verkehrsmitteln unterwegs sind, wie beurteilen Sie für sich persönlich.die folgenden Aussagen."
"f60223Sort","Fragebatterie","F60200/CODES1,2,3,4,5.","keine","Wenn Sie in der Stadt Zürich mit den öffentlichen Verkehrsmitteln unterwegs sind, wie beurteilen Sie für sich persönlich.die folgenden Aussagen."
"f60224Lang","Fragebatterie","F60200/CODES1,2,3,4,5.","keine","Wenn Sie in der Stadt Zürich mit den öffentlichen Verkehrsmitteln unterwegs sind, wie beurteilen Sie für sich persönlich.die folgenden Aussagen."
"f60224Sort","Fragebatterie","F60200/CODES1,2,3,4,5.","keine","Wenn Sie in der Stadt Zürich mit den öffentlichen Verkehrsmitteln unterwegs sind, wie beurteilen Sie für sich persönlich.die folgenden Aussagen."
"f60225Lang","Fragebatterie","F60200/CODES1,2,3,4,5.","keine","Wenn Sie in der Stadt Zürich mit den öffentlichen Verkehrsmitteln unterwegs sind, wie beurteilen Sie für sich persönlich.die folgenden Aussagen."
"f60225Sort","Fragebatterie","F60200/CODES1,2,3,4,5.","keine","Wenn Sie in der Stadt Zürich mit den öffentlichen Verkehrsmitteln unterwegs sind, wie beurteilen Sie für sich persönlich.die folgenden Aussagen."
"f60227Lang","Fragebatterie","F60200/CODES1,2,3,4,5.","keine","Wenn Sie in der Stadt Zürich mit den öffentlichen Verkehrsmitteln unterwegs sind, wie beurteilen Sie für sich persönlich.die folgenden Aussagen."
"f60227Sort","Fragebatterie","F60200/CODES1,2,3,4,5.","keine","Wenn Sie in der Stadt Zürich mit den öffentlichen Verkehrsmitteln unterwegs sind, wie beurteilen Sie für sich persönlich.die folgenden Aussagen."
"f60300Lang","normale Frage","keine","keine","Wie häufig sind Sie in der Stadt Zürich mit dem Auto unterwegs?"
"f60300Sort","normale Frage","keine","keine","Wie häufig sind Sie in der Stadt Zürich mit dem Auto unterwegs?"
"f60310Lang","normale Frage","F60300/CODES1,2,3,4,5.","keine","Wie zufrieden sind Sie grundsätzlich mit der Situation, wenn Sie in der Stadt Zürich mit dem Auto unterwegs sind? Geben Sie mir wieder eine Note von 1 bis 6.."
"f60310Sort","normale Frage","F60300/CODES1,2,3,4,5.","keine","Wie zufrieden sind Sie grundsätzlich mit der Situation, wenn Sie in der Stadt Zürich mit dem Auto unterwegs sind? Geben Sie mir wieder eine Note von 1 bis 6.."
"f60322Lang","Fragebatterie","F60300/CODES1,2,3,4,5.","keine","Wenn Sie in der Stadt Zürich mit dem Auto unterwegs sind, wie beurteilen Sie für sich persönlich die folgenden Aussagen als AutofahrerIn.."
"f60322Sort","Fragebatterie","F60300/CODES1,2,3,4,5.","keine","Wenn Sie in der Stadt Zürich mit dem Auto unterwegs sind, wie beurteilen Sie für sich persönlich die folgenden Aussagen als AutofahrerIn.."
"f60324Lang","Fragebatterie","F60300/CODES1,2,3,4,5.","keine","Wenn Sie in der Stadt Zürich mit dem Auto unterwegs sind, wie beurteilen Sie für sich persönlich die folgenden Aussagen als AutofahrerIn.."
"f60324Sort","Fragebatterie","F60300/CODES1,2,3,4,5.","keine","Wenn Sie in der Stadt Zürich mit dem Auto unterwegs sind, wie beurteilen Sie für sich persönlich die folgenden Aussagen als AutofahrerIn.."
"f60325Lang","Fragebatterie","F60300/CODES1,2,3,4,5.","keine","Wenn Sie in der Stadt Zürich mit dem Auto unterwegs sind, wie beurteilen Sie für sich persönlich die folgenden Aussagen als AutofahrerIn.."
"f60325Sort","Fragebatterie","F60300/CODES1,2,3,4,5.","keine","Wenn Sie in der Stadt Zürich mit dem Auto unterwegs sind, wie beurteilen Sie für sich persönlich die folgenden Aussagen als AutofahrerIn.."
"f60327Lang","Fragebatterie","F60300/CODES1,2,3,4,5.","keine","Wenn Sie in der Stadt Zürich mit dem Auto unterwegs sind, wie beurteilen Sie für sich persönlich die folgenden Aussagen als AutofahrerIn.."
"f60327Sort","Fragebatterie","F60300/CODES1,2,3,4,5.","keine","Wenn Sie in der Stadt Zürich mit dem Auto unterwegs sind, wie beurteilen Sie für sich persönlich die folgenden Aussagen als AutofahrerIn.."
"f60328Lang","Fragebatterie","F60300/CODES1,2,3,4,5.","keine","Wenn Sie in der Stadt Zürich mit dem Auto unterwegs sind, wie beurteilen Sie für sich persönlich die folgenden Aussagen als AutofahrerIn.."
"f60328Sort","Fragebatterie","F60300/CODES1,2,3,4,5.","keine","Wenn Sie in der Stadt Zürich mit dem Auto unterwegs sind, wie beurteilen Sie für sich persönlich die folgenden Aussagen als AutofahrerIn.."
"f60500Lang","normale Frage","keine","keine","Mitte 2012 hat die Stadt Zürich „Stadtverkehr 2025“ lanciert. Ist Ihnen das ein Begriff, haben Sie schon davon gehört?."
"f60500Sort","normale Frage","keine","keine","Mitte 2012 hat die Stadt Zürich „Stadtverkehr 2025“ lanciert. Ist Ihnen das ein Begriff, haben Sie schon davon gehört?."
"f72000Lang","normale Frage","keine","keine","Damit sind wir am Schluss des Interviews. Mit dieser Umfrage will die Stadt Zürich die Situation und die Meinungen der Einwohnerinnen und Einwohner besser kennenlernen. Welche Einstellung haben Sie zu dieser Umfrage. Finden Sie sie...?."
"f72000Sort","normale Frage","keine","keine","Damit sind wir am Schluss des Interviews. Mit dieser Umfrage will die Stadt Zürich die Situation und die Meinungen der Einwohnerinnen und Einwohner besser kennenlernen. Welche Einstellung haben Sie zu dieser Umfrage. Finden Sie sie...?."

